Version,NumRuns,IO,Init,Setting,Compute
Fortran,1, 0.0155, 0.0681, 0.0000, 0.0009
Chapel,1,0.35641,0.067213,0.002007,0.001106
Fortran,5, 0.0677, 0.2397, 0.0001, 0.0041
Chapel,5,1.58493,0.245564,0.009482,0.004869
Fortran,10, 0.1337, 0.4572, 0.0001, 0.0082
Chapel,10,3.07894,0.466601,0.017571,0.009659
Fortran,50, 0.6922, 2.2025, 0.0008, 0.0437
Chapel,50,16.5731,2.22638,0.091301,0.0478
Fortran,100, 1.2920, 4.4663, 0.0015, 0.0833
Chapel,100,32.654,4.49104,0.177615,0.096862
