NodeCount,RunsPerNode,Time
1,512,22.9248
2,256,11.6324
4,128,5.90683
8,64,2.99789
16,32,1.55289
32,16,0.842186
64,8,0.474653
