NodeCount,RunsPerNode,Time
1,512,22.6896
2,256,11.5741
4,128,5.87384
8,64,3.01428
